id	manufacturer	model_name	model_code	icao_type_code	engine_type	new_engine_type	aircraft_family	new_aircraft_family	aircraft_category
88	AC11	AC11 COMMANDER 114	AC1_AC11	AC11	PISTON	PISTON	FIXED_WING	LIGHT_PISTON_FAMILY	A
89	Aero	Aero Commander 500	AC5_AC50	AC50	PISTON	PISTON	FIXED_WING	LIGHT_PISTON_FAMILY	A
254	AeroAndina	AeroAndina MXP-1000 Tayrona	MX1_MX1T	MX1T	PISTON	PISTON	FIXED_WING	LIGHT_PISTON_FAMILY	A
159	Aerospatiale	Aerospatiale Se.210 Caravelle	CRV_S210	S210	JET	TURBOFAN	FIXED_WING	CARAVELLE_FAMILY	C
101	Aerospatiale	Aerospatiale/Alenia ATR42-300/320	AT4_AT43	AT43	TURBOPROP	TURBOPROP	FIXED_WING	ATR_FAMILY	B
102	Aerospatiale	Aerospatiale/Alenia ATR42-500	AT5_AT45	AT45	TURBOPROP	TURBOPROP	FIXED_WING	ATR_FAMILY	B
103	Aerospatiale	Aerospatiale/Alenia ATR72	AT7_AT72	AT72	TURBOPROP	TURBOPROP	FIXED_WING	ATR_FAMILY	B
285	Aerospatiale	Aerospatiale/BAC Concorde	SSC_CONC	CONC	JET	TURBOJET	FIXED_WING	CONCORDE_FAMILY	E
9	Aérospatiale/BAC	Concorde	CONCORDE	CONC	TURBOJET	TURBOJET	Concorde	CONCORDE_FAMILY	SUPERSONIC
77	Agusta	Agusta A-109 (helicopter)	A09_A109	A109	TURBOSHAFT	TURBOSHAFT	HELICOPTER	AW109_FAMILY	A
293	Agusta	Agusta A609 Tilt (helicopter)	TIL_A609	A609	TURBOSHAFT	TURBOSHAFT	HELICOPTER	A609_FAMILY	A
82	Agusta	Agusta AW139 (helicopter)	A39_AW39	AW39	TURBOSHAFT	TURBOSHAFT	HELICOPTER	AW139_FAMILY	A
205	Agusta EH101	Agusta EH101/AW101(helicopter)	EH1_EH10	EH10	TURBOSHAFT	TURBOSHAFT	HELICOPTER	EH101_FAMILY	A
16	Airbus	Airbus 310-200	312_A312	A312	JET	TURBOFAN	FIXED_WING	A310_FAMILY	C
17	Airbus	Airbus 310-300	313_A313	A313	JET	TURBOFAN	FIXED_WING	A310_FAMILY	C
21	Airbus	Airbus 319 NEO	31N_A19N	A19N	JET	TURBOFAN	FIXED_WING	A320_FAMILY	C
25	Airbus	Airbus 321 NEO	32Q_A21N	A21N	JET	TURBOFAN	FIXED_WING	A320_FAMILY	C
40	Airbus	Airbus 400 Military	400_A400	A400	JET	TURBOFAN	FIXED_WING	A400M_FAMILY	E
14	Airbus	Airbus A220-100	221_BCS1	BCS1	JET	TURBOFAN	FIXED_WING	A220_FAMILY	C
15	Airbus	Airbus A220-300	223_BCS3	BCS3	JET	TURBOFAN	FIXED_WING	A220_FAMILY	C
87	Airbus	Airbus A300-600 pax	AB6_A306	A306	JET	TURBOFAN	FIXED_WING	A300_FAMILY	D
18	Airbus	Airbus A318	318_A318	A318	JET	TURBOFAN	FIXED_WING	A320_FAMILY	C
20	Airbus	Airbus A318 versione Business Jet	31B_318B	318B	JET	TURBOFAN	FIXED_WING	A320_FAMILY	C
19	Airbus	Airbus A319	319_A319	A319	JET	TURBOFAN	FIXED_WING	A320_FAMILY	C
24	Airbus	Airbus A320NEO	32N_A20N	A20N	JET	TURBOFAN	FIXED_WING	A320_FAMILY	C
26	Airbus	Airbus A330-200	332_A330	A330	JET	TURBOFAN	FIXED_WING	A330_FAMILY	D
27	Airbus	Airbus A330-300	333_A330	A330	JET	TURBOFAN	FIXED_WING	A330_FAMILY	D
29	Airbus	Airbus A330-800 neo	338_A338	A338	JET	TURBOFAN	FIXED_WING	A330_FAMILY	C
30	Airbus	Airbus A330-900 neo	339_A339	A339	JET	TURBOFAN	FIXED_WING	A330_FAMILY	D
31	Airbus	Airbus A340-200 pax	342_A342	A342	JET	TURBOFAN	FIXED_WING	A340_FAMILY	E
32	Airbus	Airbus A340-300 pax	343_A343	A343	JET	TURBOFAN	FIXED_WING	A340_FAMILY	E
33	Airbus	Airbus A340-500 pax	345_A345	A345	JET	TURBOFAN	FIXED_WING	A340_FAMILY	E
34	Airbus	Airbus A340-600 pax	346_A346	A346	JET	TURBOFAN	FIXED_WING	A340_FAMILY	E
35	Airbus	Airbus A350-1000	351_A35K	A35K	JET	TURBOFAN	FIXED_WING	A350_FAMILY	E
36	Airbus	Airbus A350-900	359_A359	A359	JET	TURBOFAN	FIXED_WING	A350_FAMILY	E
39	Airbus	Airbus A380	388_A388	A388	JET	TURBOFAN	FIXED_WING	A380_FAMILY	E
38	Airbus	Airbus A380 pax	380_A380	A380	JET	TURBOFAN	FIXED_WING	A380_FAMILY	E
224	Airbus	Airbus Helicopters H135	H13_H135	H135	TURBOSHAFT	TURBOSHAFT	HELICOPTER	H135_FAMILY	A
225	Airbus	Airbus Helicopters H145	H14_H145	H145	TURBOSHAFT	TURBOSHAFT	HELICOPTER	H145_FAMILY	A
22	Airbus A320-100	Airbus A320-100/200	320_A320	A320	JET	TURBOFAN	FIXED_WING	A320_FAMILY	C
23	Airbus A321-100	Airbus A321-100/200	321_A321	A321	JET	TURBOFAN	FIXED_WING	A320_FAMILY	C
5	Aircraft Industries	L 410 NG	L410_NG	L410	TURBOPROP	TURBOPROP	Let L-410	LET_L410_FAMILY	TURBOPROP_COMMUTER
97	Antonov	Antonov AN-12	ANF_AN12	AN12	JET	TURBOFAN	FIXED_WING	AN12_FAMILY	C
85	Antonov	Antonov AN-124 Ruslan	A4F_A124	A124	JET	TURBOFAN	FIXED_WING	AN12_FAMILY	D
83	Antonov	Antonov AN-140	A40_A140	A140	JET	TURBOFAN	FIXED_WING	AN140_FAMILY	C
84	Antonov	Antonov AN-140	A48_A148	A148	JET	TURBOFAN	FIXED_WING	AN140_FAMILY	C
94	Antonov	Antonov AN-24	AN4_AN24	AN24	JET	TURBOFAN	FIXED_WING	AN24_FAMILY	C
78	Antonov	Antonov AN-26	A26_AN26	AN26	TURBOPROP	TURBOPROP	FIXED_WING	AN26_FAMILY	B
80	Antonov	Antonov AN-30	A30_AN30	AN30	TURBOPROP	TURBOPROP	FIXED_WING	AN26_FAMILY	B
81	Antonov	Antonov AN-32	A32_AN32	AN32	TURBOPROP	TURBOPROP	FIXED_WING	AN26_FAMILY	B
95	Antonov AN-26	Antonov AN-26 / AN-30 /AN-32	AN6_AN6	AN6	JET	TURBOFAN	FIXED_WING	AN26_FAMILY	C
79	Antonov AN-28	Antonov AN-28 / PZL Miele M-28 Skytruck	A28_AN28	AN28	TURBOPROP	TURBOPROP	FIXED_WING	AN28_FAMILY	B
96	Antonov AN-72	Antonov AN-72 / AN-74	AN7_AN72	AN72	JET	TURBOFAN	FIXED_WING	AN72_FAMILY	C
7	ATR	ATR 42-600	ATR42_600	AT46	TURBOPROP	TURBOPROP	ATR 42	ATR_FAMILY	TURBOPROP_REGIONAL
194	Austflight	Austflight drifter	DRI_DRIF	DRIF	PISTON	PISTON	FIXED_WING	LIGHT_PISTON_FAMILY	A
273	Aviat	Aviat Pitts Special S2S	PTS_PTS2	PTS2	PISTON	PISTON	FIXED_WING	LIGHT_PISTON_FAMILY	A
98	Avro	Avro RJ100 Avroliner	AR1_RJ1H	RJ1H	JET	TURBOFAN	FIXED_WING	BAE_146_FAMILY	C
99	Avro	Avro RJ85 Avroliner	AR8_RJ85	RJ85	JET	TURBOFAN	FIXED_WING	BAE_146_FAMILY	C
104	Avro	Avro RJX100	AX1_RX1H	RX1H	JET	TURBOFAN	FIXED_WING	BAE_146_FAMILY	C
105	Avro	Avro RJX85	AX8_RX85	RX85	JET	TURBOFAN	FIXED_WING	BAE_146_FAMILY	C
100	Avro RJ70	Avro RJ70/85/100 Avroliner	ARJ_ARJ	ARJ	JET	TURBOFAN	FIXED_WING	BAE_146_FAMILY	C
93	Ayres	Ayres LM-200 Loadmaster	ALM_LOAD	LOAD	TURBOPROP	TURBOPROP	FIXED_WING	AYRES_LOADMASTER_FAMILY	B
108	BAC	BAC 1-11 (One-Eleven)	B11_BA11	BA11	JET	TURBOFAN	FIXED_WING	BAC_111_FAMILY	C
11	BAe	BAe 146-100 Pax	141_B461	B461	JET	TURBOFAN	FIXED_WING	BAE_146_FAMILY	C
12	BAe	BAe 146-200 pax	142_B462	B462	JET	TURBOFAN	FIXED_WING	BAE_146_FAMILY	C
13	BAe	BAe 146-300 pax	143_B463	B463	JET	TURBOFAN	FIXED_WING	BAE_146_FAMILY	C
119	Baron	Baron G58	BE8_BE58	BE58	PISTON	PISTON	FIXED_WING	BEECH_BARON_FAMILY	A
111	Beech	Beech Bonanza A36	B36_B36T	B36T	PISTON	PISTON	FIXED_WING	BEECH_BONANZA_FAMILY	A
122	Beech	Beech Bonanza F33A	BEP_BE33	BE33	PISTON	PISTON	FIXED_WING	BEECH_BONANZA_FAMILY	A
110	Beech Bonanza V35	Beech Bonanza V35/H35	B35_B35T	B35T	PISTON	PISTON	FIXED_WING	BEECH_BONANZA_FAMILY	A
121	Beechcraft	Beechcraft 1900D	BEH_B190	B190	TURBOPROP	TURBOPROP	FIXED_WING	BEECH_1900_FAMILY	B
117	Beechcraft	Beechcraft Bonanza G36	BE3_BE36	BE36	PISTON	PISTON	FIXED_WING	BEECH_BONANZA_FAMILY	A
114	Beechcraft	Beechcraft Duke 60	B60_BE60	BE60	TURBOPROP	TURBOPROP	FIXED_WING	BEECH_DUKE_FAMILY	B
118	Beechcraft	Beechcraft King Air 350i	BE5_B350	B350	TURBOPROP	TURBOPROP	FIXED_WING	KING_AIR_FAMILY	B
120	Beechcraft	Beechcraft Model 99	BE9_BE99	BE99	TURBOPROP	TURBOPROP	FIXED_WING	BEECH_99_FAMILY	B
109	Beechcraft	Beechcraft Super King Air B200	B20_BE20	BE20	TURBOPROP	TURBOPROP	FIXED_WING	KING_AIR_FAMILY	B
107	Beechcraft	Beechcraft Turbine Duke	B0T_B60T	B60T	TURBOPROP	TURBOPROP	FIXED_WING	BEECH_DUKE_FAMILY	B
115	Beechcraft 1900	Beechcraft 1900/1900C/1900D	BE1_B190	B190	PISTON	PISTON	FIXED_WING	BEECH_1900_FAMILY	A
116	Beechcraft twin piston engines	Beechcraft twin piston engines / Baron 58	BE2_BE2	BE2	PISTON	PISTON	FIXED_WING	BEECH_BARON_FAMILY	A
123	Beechcraft twin turboprop engine	Beechcraft twin turboprop engine / King air 350	BET_B350	B350	TURBOPROP	TURBOPROP	FIXED_WING	KING_AIR_FAMILY	B
106	Bell	Bell 206 (helicopter)	B06_B06	B06	TURBOSHAFT	TURBOSHAFT	HELICOPTER	BELL_206_FAMILY	A
113	Bell	Bell 407 (helicopter)	B47_B407	B407	TURBOSHAFT	TURBOSHAFT	HELICOPTER	BELL_407_FAMILY	A
112	Bell	Bell 412 All models (helicopter)	B41_B412	B412	TURBOSHAFT	TURBOSHAFT	HELICOPTER	BELL_412_FAMILY	A
124	Bell	Bell Helicopters (helicopter)	BH2_BH2	BH2	TURBOSHAFT	TURBOSHAFT	HELICOPTER	GENERIC_BELL_HELICOPTER_FAMILY	A
125	Bellanca	Bellanca Scout - Super Decathlon	BL8_BL8	BL8	PISTON	PISTON	FIXED_WING	LIGHT_PISTON_FAMILY	A
127	Beriev	Beriev Be-200c	BR2_BER2	BER2	PISTON	PISTON	FIXED_WING	LIGHT_PISTON_FAMILY	A
37	BOEING	BOEING 377 STRATOCRUISER PAX	377_B377	B377	JET	TURBOFAN	FIXED_WING	B377_FAMILY	C
43	Boeing	Boeing 707-300 pax	703_B703	B703	JET	TURBOFAN	FIXED_WING	B707_FAMILY	D
44	Boeing	Boeing 717-200	717_B712	B712	JET	TURBOFAN	FIXED_WING	B717_FAMILY	C
45	Boeing	Boeing 727-200 pax	722_B722	B722	JET	TURBOFAN	FIXED_WING	B727_FAMILY	C
76	Boeing	Boeing 737 MAX 10 (pax)	7MJ_B3XM	B3XM	JET	TURBOFAN	FIXED_WING	B737_FAMILY	C
73	Boeing	Boeing 737 MAX 7 (pax)	7M7_B37M	B37M	JET	TURBOFAN	FIXED_WING	B737_FAMILY	C
74	Boeing	Boeing 737 MAX 8 (pax)	7M8_B38M	B38M	JET	TURBOFAN	FIXED_WING	B737_FAMILY	C
75	Boeing	Boeing 737 MAX 9 (pax)	7M9_B39M	B39M	JET	TURBOFAN	FIXED_WING	B737_FAMILY	C
46	Boeing	Boeing 737-100 pax	731_B731	B731	JET	TURBOFAN	FIXED_WING	B737_FAMILY	C
47	Boeing	Boeing 737-200 pax	732_B732	B732	JET	TURBOFAN	FIXED_WING	B737_FAMILY	C
48	Boeing	Boeing 737-300 pax	733_B733	B733	JET	TURBOFAN	FIXED_WING	B737_FAMILY	C
49	Boeing	Boeing 737-400 pax	734_B734	B734	JET	TURBOFAN	FIXED_WING	B737_FAMILY	C
50	Boeing	Boeing 737-500 pax	735_B735	B735	JET	TURBOFAN	FIXED_WING	B737_FAMILY	C
51	Boeing	Boeing 737-600 pax	736_B736	B736	JET	TURBOFAN	FIXED_WING	B737_FAMILY	C
57	Boeing	Boeing 737-700 (winglets) pax	73W_B73W	B73W	JET	TURBOFAN	FIXED_WING	B737_FAMILY	C
54	Boeing	Boeing 737-700 pax	73G_B73G	B73G	JET	TURBOFAN	FIXED_WING	B737_FAMILY	C
55	Boeing	Boeing 737-800 (winglets) pax	73H_B73H	B73H	JET	TURBOFAN	FIXED_WING	B737_FAMILY	C
52	Boeing	Boeing 737-800 pax	738_B738	B738	JET	TURBOFAN	FIXED_WING	B737_FAMILY	C
56	Boeing	Boeing 737-900 (winglets) pax	73J_B739	B739	JET	TURBOFAN	FIXED_WING	B737_FAMILY	C
53	Boeing	Boeing 737-900 pax	739_B739	B739	JET	TURBOFAN	FIXED_WING	B737_FAMILY	C
58	Boeing	Boeing 747-100 pax	741_B741	B741	JET	TURBOFAN	FIXED_WING	B747_FAMILY	E
59	Boeing	Boeing 747-200 pax	742_B742	B742	JET	TURBOFAN	FIXED_WING	B747_FAMILY	E
60	Boeing	Boeing 747-300 pax	743_B743	B743	JET	TURBOFAN	FIXED_WING	B747_FAMILY	E
61	Boeing	Boeing 747-400 pax	744_B744	B744	JET	TURBOFAN	FIXED_WING	B747_FAMILY	E
62	Boeing	Boeing 747-8i	748_B748	B748	JET	TURBOFAN	FIXED_WING	B747_FAMILY	E
63	Boeing	Boeing 757-200 pax	752_B752	B752	JET	TURBOFAN	FIXED_WING	B757_FAMILY	C
64	Boeing	Boeing 757-300 pax	753_B753	B753	JET	TURBOFAN	FIXED_WING	B757_FAMILY	C
65	Boeing	Boeing 767-200 pax	762_B762	B762	JET	TURBOFAN	FIXED_WING	B767_FAMILY	D
66	Boeing	Boeing 767-300 pax	763_B763	B763	JET	TURBOFAN	FIXED_WING	B767_FAMILY	D
67	Boeing	Boeing 767-400 pax	764_B764	B764	JET	TURBOFAN	FIXED_WING	B767_FAMILY	D
68	Boeing	Boeing 777-200 pax	772_B772	B772	JET	TURBOFAN	FIXED_WING	B777_FAMILY	E
69	Boeing	Boeing 777-300 pax	773_B773	B773	JET	TURBOFAN	FIXED_WING	B777_FAMILY	D
70	Boeing	Boeing 787-10 Dreamliner pax	781_B78X	B78X	JET	TURBOFAN	FIXED_WING	B787_FAMILY	D
71	Boeing	Boeing 787-800 Dreamliner PAX	788_B788	B788	JET	TURBOFAN	FIXED_WING	B787_FAMILY	D
72	Boeing	Boeing 787-9 Dreamliner pax	789_B789	B789	JET	TURBOFAN	FIXED_WING	B787_FAMILY	D
130	Boeing	Boeing C17 Globemaster III	C17_C17	C17	JET	TURBOFAN	FIXED_WING	C17_FAMILY	C
161	Bombardier	Bombardier C-Series CS100	CS1_C110	C110	JET	TURBOFAN	FIXED_WING	A220_FAMILY	C
162	Bombardier	Bombardier C-Series CS300	CS3_C130	C130	JET	TURBOFAN	FIXED_WING	A220_FAMILY	C
230	British	British Aerospace Jetstream 31	J31_JS31	JS31	JET	TURBOFAN	FIXED_WING	JETSTREAM_FAMILY	A
231	British	British Aerospace Jetstream 32	J32_JS32	JS32	JET	TURBOFAN	FIXED_WING	JETSTREAM_FAMILY	A
138	Canadair	Canadair Challenger	CCJ_CL60	CL60	TURBOPROP	TURBOPROP	FIXED_WING	CHALLENGER_FAMILY	B
143	Canadair	Canadair CL-44	CL4_CL44	CL44	JET	TURBOFAN	FIXED_WING	CL44_FAMILY	C
139	Canadair	Canadair Global Express	CCX_GLEX	GLEX	JET	TURBOFAN	FIXED_WING	GLOBAL_EXPRESS_FAMILY	C
154	Canadair	Canadair Regional Jet 100	CR1_CRJ1	CRJ1	JET	TURBOFAN	FIXED_WING	CRJ_FAMILY	C
160	Canadair	Canadair Regional Jet 1000	CRX_CRJX	CRJX	JET	TURBOFAN	FIXED_WING	CRJ_FAMILY	C
155	Canadair	Canadair Regional Jet 200	CR2_CRJ2	CRJ2	JET	TURBOFAN	FIXED_WING	CRJ_FAMILY	C
156	Canadair	Canadair Regional Jet 550	CR5_CRJ5	CRJ5	JET	TURBOFAN	FIXED_WING	CRJ_FAMILY	C
157	Canadair	Canadair Regional Jet 700	CR7_CRJ7	CRJ7	JET	TURBOFAN	FIXED_WING	CRJ_FAMILY	C
158	Canadair	Canadair Regional Jet 900	CR9_CRJ9	CRJ9	JET	TURBOFAN	FIXED_WING	CRJ_FAMILY	C
133	CAPRONI	CAPRONI VIZZOLA C-22J Ventura	C2J_C22J	C22J	TURBOPROP	TURBOPROP	FIXED_WING	CAPRONI_C22J_FAMILY	B
136	Cessna	Cessna 172 Skyhawk	C72_C172	C172	PISTON	PISTON	FIXED_WING	C17_FAMILY	A
146	Cessna	Cessna 208 B Grand Caravan EX	CN3_C208	C208	PISTON	PISTON	FIXED_WING	CESSNA_CARAVAN_FAMILY	A
153	Cessna	Cessna 208 Caravan	CNV_C208	C208	PISTON	PISTON	FIXED_WING	CESSNA_CARAVAN_FAMILY	A
134	Cessna	Cessna 310R	C31_C310	C310	PISTON	PISTON	FIXED_WING	LIGHT_PISTON_FAMILY	A
28	Cessna	Cessna 337 Super Skymaster	337_C337	C337	PISTON	PISTON	FIXED_WING	LIGHT_PISTON_FAMILY	A
42	Cessna	Cessna 414AW Chancellor	414_C414	C414	PISTON	PISTON	FIXED_WING	CESSNA_414_FAMILY	A
150	Cessna	Cessna 441 Conquest	CNC_C441	C441	PISTON	PISTON	FIXED_WING	LIGHT_PISTON_FAMILY	A
135	Cessna	Cessna C510 Mustang	C51_C510	C510	TURBOPROP	TURBOPROP	FIXED_WING	CESSNA_CITATION_FAMILY	B
151	Cessna	Cessna Citation	CNJ_CNJ	CNJ	TURBOPROP	TURBOPROP	FIXED_WING	CESSNA_CITATION_FAMILY	B
147	Cessna	Cessna Citation CJ3	CN4_C25B	C25B	TURBOPROP	TURBOPROP	FIXED_WING	CESSNA_CITATION_FAMILY	B
148	Cessna	Cessna Citation CJ4	CN5_C25C	C25C	TURBOPROP	TURBOPROP	FIXED_WING	CESSNA_CITATION_FAMILY	B
149	Cessna	Cessna Citation Longitude	CN7_C700	C700	TURBOPROP	TURBOPROP	FIXED_WING	CESSNA_CITATION_FAMILY	B
137	Cessna	Cessna CT182T Skylane	C82_C182	C182	PISTON	PISTON	FIXED_WING	CESSNA_182_FAMILY	A
144	Cessna	Cessna light aircraft - single piston engine	CN1_CN1	CN1	PISTON	PISTON	FIXED_WING	LIGHT_PISTON_FAMILY	A
145	Cessna	Cessna light aircraft - twin piston engines	CN2_CN2	CN2	PISTON	PISTON	FIXED_WING	LIGHT_PISTON_FAMILY	A
152	Cessna	Cessna light aircraft - twin turboprop engines	CNT_CNT	CNT	TURBOPROP	TURBOPROP	FIXED_WING	CESSNA_TWIN_TURBOPROP_FAMILY	A
129	Cessna 152	Cessna 152 / 152 Aerobat	C15_C152	C152	PISTON	PISTON	FIXED_WING	CESSNA_152_FAMILY	A
131	Cirrus	Cirrus SR 20	C20_SR20	SR20	PISTON	PISTON	FIXED_WING	LIGHT_PISTON_FAMILY	A
132	Cirrus	Cirrus SR 22	C22_SR22	SR22	PISTON	PISTON	FIXED_WING	ROBINSON_R22_FAMILY	A
283	Cirrus	Cirrus Vision SF50	SR5_SR50	SR50	TURBOPROP	TURBOPROP	FIXED_WING	FOKKER_50_FAMILY	B
140	Claudius	Claudius Dornier CD-2 Seastar	CD2_CD2S	CD2S	PISTON	PISTON	FIXED_WING	LIGHT_PISTON_FAMILY	A
165	Convair	Convair CV-440 Metropolitan pax	CV4_CVLP	CVLP	JET	TURBOFAN	FIXED_WING	CONVAIR_FAMILY	C
166	Convair CV-240	Convair CV-240 / 440 / 580 / 600 / 640 pax	CVR_CVR	CVR	JET	TURBOFAN	FIXED_WING	CONVAIR_FAMILY	C
164	Cub	Cub Crafter X Cub	CUB_XCUB	XCUB	PISTON	PISTON	FIXED_WING	LIGHT_PISTON_FAMILY	A
177	DA20	DA20 Katana	DA2_DA20	DA20	PISTON	PISTON	FIXED_WING	LIGHT_PISTON_FAMILY	A
292	Daher	Daher TMB 930	TB9_TBM9	TBM9	TURBOPROP	TURBOPROP	FIXED_WING	TBM_FAMILY	B
186	Dassault	Dassault Falcon 50	DF3_FA50	FA50	TURBOPROP	TURBOPROP	FIXED_WING	FALCON_FAMILY	B
188	Dassault	Dassault Falcon M	DFL_FA50	FA50	TURBOPROP	TURBOPROP	FIXED_WING	FALCON_FAMILY	B
192	De	De Havilland Canada DHC-2 Beaver	DHP_DHC2	DHC2	PISTON	PISTON	FIXED_WING	LIGHT_PISTON_FAMILY	A
191	De	De Havilland Canada DHC-3 Turbo Otter	DHL_DHC3	DHC3	TURBOPROP	TURBOPROP	FIXED_WING	DHC3_OTTER_FAMILY	B
193	De	De Havilland Canada DHC-6 Twin Otter	DHT_DHC6	DHC6	TURBOPROP	TURBOPROP	FIXED_WING	DHC6_TWIN_OTTER_FAMILY	B
189	De	De Havilland Canada DHC-8-300	DH3_DH8C	DH8C	TURBOPROP	TURBOPROP	FIXED_WING	DASH_8_FAMILY	B
190	De	De Havilland Canada DHC-8-400	DH4_DH8D	DH8D	TURBOPROP	TURBOPROP	FIXED_WING	DASH_8_FAMILY	B
4	De Havilland Canada	DHC-6 Twin Otter Series 400	DHC6_TWIN_OTTER_400	DHC6	TURBOPROP	TURBOPROP	DHC-6 Twin Otter	DHC6_TWIN_OTTER_FAMILY	TURBOPROP_STOL
179	Diamond	Diamond DA42 Twin Star	DA5_DA42	DA42	PISTON	PISTON	FIXED_WING	LIGHT_PISTON_FAMILY	A
180	Diamond	Diamond DA62	DA6_DA62	DA62	PISTON	PISTON	FIXED_WING	LIGHT_PISTON_FAMILY	A
195	Diamond	Diamond DV20	DV2_DV20	DV20	PISTON	PISTON	FIXED_WING	LIGHT_PISTON_FAMILY	A
178	Diamond DA40 TDI	Diamond DA40 TDI/NG	DA4_DA40	DA40	PISTON	PISTON	FIXED_WING	LIGHT_PISTON_FAMILY	A
182	Douglas	Douglas DC-4	DC4_DC4	DC4	JET	TURBOFAN	FIXED_WING	DC4_FAMILY	C
183	Douglas	Douglas DC-6	DC6_DC6	DC6	JET	TURBOFAN	FIXED_WING	DC6_FAMILY	C
184	Douglas	Douglas DC-7	DC7_DC7	DC7	JET	TURBOFAN	FIXED_WING	DC7_FAMILY	C
185	DOUGLAS	DOUGLAS DC-8-50	DC8_DC85	DC85	JET	TURBOFAN	FIXED_WING	DC8_FAMILY	C
172	Douglas	Douglas DC-9-10	D91_DC91	DC91	JET	TURBOFAN	FIXED_WING	DC9_FAMILY	D
173	Douglas	Douglas DC-9-20	D92_DC92	DC92	JET	TURBOFAN	FIXED_WING	DC9_FAMILY	D
174	Douglas	Douglas DC-9-30	D93_DC93	DC93	JET	TURBOFAN	FIXED_WING	DC9_FAMILY	D
175	Douglas	Douglas DC-9-40	D94_DC94	DC94	JET	TURBOFAN	FIXED_WING	DC9_FAMILY	D
176	Douglas	Douglas DC-9-50	D95_DC95	DC95	JET	TURBOFAN	FIXED_WING	DC9_FAMILY	D
167	Douglas	Douglas DC10 pax	D10_DC10	DC10	JET	TURBOFAN	FIXED_WING	DC10_FAMILY	D
181	Douglas	Douglas DC3 pax	DC3_DC3	DC3	JET	TURBOFAN	FIXED_WING	DC3_FAMILY	C
168	Douglas DC-10-30	Douglas DC-10-30 / 40 Freighters	D1Y_DC10	DC10	JET	TURBOFAN	FIXED_WING	DC10_FAMILY	D
204	Eclipse	Eclipse 550	EA5_EA50	EA50	TURBOPROP	TURBOPROP	FIXED_WING	ECLIPSE_500_FAMILY	B
8	Embraer	EMB 120ER Brasilia	EMB120ER_BRASILIA	E120	TURBOPROP	TURBOPROP	Embraer EMB 120	EMB120_FAMILY	TURBOPROP_REGIONAL
206	Embraer	Embraer 110	EM1_E110	E110	JET	TURBOFAN	FIXED_WING	EMB110_FAMILY	C
207	Embraer	Embraer 120	EM2_E120	E120	TURBOPROP	TURBOPROP	FIXED_WING	EMB120_FAMILY	B
200	Embraer	Embraer 170	E70_E170	E170	JET	TURBOFAN	FIXED_WING	E_JET_FAMILY	C
201	Embraer	Embraer 175	E75_E175	E175	JET	TURBOFAN	FIXED_WING	E_JET_FAMILY	C
202	Embraer	Embraer 190	E90_E190	E190	JET	TURBOFAN	FIXED_WING	E_JET_FAMILY	C
203	Embraer	Embraer 195	E95_E195	E195	JET	TURBOFAN	FIXED_WING	E_JET_FAMILY	C
208	Embraer	Embraer 500 - Phenom 100	EP1_E50P	E50P	TURBOPROP	TURBOPROP	FIXED_WING	EMB500_PHENOM_FAMILY	B
209	Embraer	Embraer 505 Phenom 300	EP3_E55P	E55P	TURBOPROP	TURBOPROP	FIXED_WING	EMB500_PHENOM_FAMILY	B
210	Embraer	Embraer RJ135	ER3_E135	E135	JET	TURBOFAN	FIXED_WING	ERJ_FAMILY	C
211	Embraer	Embraer RJ145 Amazon	ER4_E145	E145	JET	TURBOFAN	FIXED_WING	ERJ_FAMILY	C
197	Enstrom	Enstrom 280 (helicopter)	E28_EN28	EN28	TURBOSHAFT	TURBOSHAFT	HELICOPTER	ENSTROM_280_FAMILY	A
278	Eurocopter	Eurocopter AS350 (helicopter)	S50_AS50	AS50	TURBOSHAFT	TURBOSHAFT	HELICOPTER	H125_FAMILY	A
233	Eurocopter	Eurocopter BK117 (helicopter)	K17_BK17	BK17	TURBOSHAFT	TURBOSHAFT	HELICOPTER	BK117_FAMILY	A
196	Eurocopter	Eurocopter EC120 (helicopter)	E20_EC20	EC20	TURBOSHAFT	TURBOSHAFT	HELICOPTER	EC120_FAMILY	A
199	Eurocopter	Eurocopter EC135 (helicopter)	E35_EC35	EC35	TURBOSHAFT	TURBOSHAFT	HELICOPTER	H135_FAMILY	A
198	EXTRA	EXTRA 300, 330, 350	E30_E300	E300	PISTON	PISTON	FIXED_WING	LIGHT_PISTON_FAMILY	A
218	Fairchild	Fairchild Dornier 328 jet	FRJ_J328	J328	TURBOPROP	TURBOPROP	FIXED_WING	DORNIER_328_FAMILY	B
170	Fairchild	Fairchild Dornier 328 prop	D38_D328	D328	TURBOPROP	TURBOPROP	FIXED_WING	DORNIER_328_FAMILY	B
187	Falcon	Falcon 7X (pax)	DF7_FA7X	FA7X	JET	TURBOFAN	FIXED_WING	FALCON_FAMILY	C
163	Flight	Flight Design CTSL	CTL_CTLS	CTLS	PISTON	PISTON	FIXED_WING	LIGHT_PISTON_FAMILY	A
10	Fokker	Fokker 100	100_F100	F100	JET	TURBOFAN	FIXED_WING	FOKKER_100_FAMILY	C
213	Fokker	Fokker 27 Friendship	F27_F27	F27	TURBOPROP	TURBOPROP	FIXED_WING	FOKKER_F27_FAMILY	B
215	Fokker	Fokker 50	F50_F50	F50	TURBOPROP	TURBOPROP	FIXED_WING	FOKKER_50_FAMILY	B
216	Fokker	Fokker 70	F70_F70	F70	JET	TURBOFAN	FIXED_WING	FOKKER_70_FAMILY	C
214	Fokker	Fokker F.28 Fellowship	F28_F28	F28	JET	TURBOFAN	FIXED_WING	FOKKER_F28_FAMILY	C
219	FSR	FSR 500	FSR_FSR5	FSR5	PISTON	PISTON	FIXED_WING	LIGHT_PISTON_FAMILY	A
240	Gates	Gates Learjet	LRJ_LRJ	LRJ	TURBOPROP	TURBOPROP	FIXED_WING	BAE_146_FAMILY	B
220	Goodyear	Goodyear GZ-20	G20_GZ20	GZ20	PISTON	PISTON	FIXED_WING	LIGHT_PISTON_FAMILY	A
222	Grumman	Grumman C-2 Greyhound	GR2_GRC2	GRC2	JET	TURBOPROP	FIXED_WING	C2_GREYHOUND_FAMILY	C
223	Grumman	Grumman Goose - Amphibious	GRG_G21A	G21A	PISTON	PISTON	FIXED_WING	LIGHT_PISTON_FAMILY	A
221	Guinbal	Guinbal Cabri G2 Elicopter	G2C_G2CA	G2CA	PISTON	PISTON	FIXED_WING	LIGHT_PISTON_FAMILY	A
91	Gulfstream	Gulfstream/Rockwell Commander	ACP_AC68	AC68	PISTON	PISTON	FIXED_WING	GULFSTREAM_FAMILY	A
90	Gulfstream	Gulfstream/Rockwell Commander/Turbo Commander	ACD_ACD	ACD	TURBOPROP	TURBOPROP	FIXED_WING	GULFSTREAM_FAMILY	A
92	Gulfstream	Gulfstream/Rockwell Turbo Commander	ACT_AC90	AC90	TURBOPROP	TURBOPROP	FIXED_WING	GULFSTREAM_FAMILY	A
251	Hawker	Hawker Hurricane MK-1	MKI_HURI	HURI	PISTON	PISTON	FIXED_WING	LIGHT_PISTON_FAMILY	A
227	Hawker	Hawker Sideley 748	HS7_A748	A748	JET	TURBOPROP	FIXED_WING	HS748_FAMILY	C
226	HondaHjet	HondaHjet HA.420	HHJ_HDJT	HDJT	TURBOPROP	TURBOPROP	FIXED_WING	HONDAJET_FAMILY	B
86	Icon	Icon A5	A5I_A5IC	A5IC	PISTON	PISTON	FIXED_WING	LIGHT_PISTON_FAMILY	A
286	ICP	ICP Savannah	SVN_SVNH	SVNH	PISTON	PISTON	FIXED_WING	LIGHT_PISTON_FAMILY	A
228	Iljushin	Iljushin IL-18	IL8_IL18	IL18	JET	TURBOFAN	FIXED_WING	IL18_FAMILY	C
229	Ilyushin	Ilyushin IL96 pax	IL9_IL96	IL96	JET	TURBOFAN	FIXED_WING	IL96_FAMILY	D
232	JETSTREAM	JETSTREAM BAe-4100 Jetstream 4	J41_JS41	JS41	JET	TURBOFAN	FIXED_WING	JETSTREAM_FAMILY	C
296	JMB	JMB Aircraft VL-3	VL3_VL3	VL3	PISTON	PISTON	FIXED_WING	LIGHT_PISTON_FAMILY	A
217	Kitfox	Kitfox STi FreedomFox & Fox2	FOX_KFOX	KFOX	PISTON	PISTON	FIXED_WING	LIGHT_PISTON_FAMILY	A
234	Kodiak	Kodiak 100	KOD_KODI	KODI	PISTON	PISTON	FIXED_WING	LIGHT_PISTON_FAMILY	A
237	Lancair	Lancair Legacy	LNC_LNC2	LNC2	PISTON	PISTON	FIXED_WING	LIGHT_PISTON_FAMILY	A
235	Lockheed	Lockheed L-1011 Tristar pax	L10_L101	L101	JET	TURBOFAN	FIXED_WING	L1011_FAMILY	C
236	Lockheed	Lockheed L-1049 Super Constellation	L49_CONI	CONI	JET	TURBOFAN	FIXED_WING	L1049_FAMILY	C
238	Lockheed	Lockheed L188 Electra	LOE_L188	L188	JET	TURBOFAN	FIXED_WING	L188_FAMILY	C
239	Lockheed	Lockheed Martin Hercules C130	LOH_C130	C130	JET	TURBOFAN	FIXED_WING	A220_FAMILY	C
41	Martin	Martin 404	404_M404	M404	JET	TURBOFAN	FIXED_WING	MARTIN_404_FAMILY	C
243	MAULE	MAULE 7-235, MT-7, MX-7-260	M72_MTX7	MTX7	PISTON	PISTON	FIXED_WING	LIGHT_PISTON_FAMILY	A
244	MAULE	MAULE 7-420, MX-7-420, MXT-7	M74_MTX4	MTX4	PISTON	PISTON	FIXED_WING	LIGHT_PISTON_FAMILY	A
241	McDonnel	McDonnel Douglas MD11 pax	M11_MD11	MD11	JET	TURBOFAN	FIXED_WING	MD11_FAMILY	D
245	McDonnel	McDonnel Douglas MD80	M80_MD80	MD80	JET	TURBOFAN	FIXED_WING	MD80_FAMILY	C
246	McDonnel	McDonnel Douglas MD81	M81_MD81	MD81	JET	TURBOFAN	FIXED_WING	MD80_FAMILY	C
247	McDonnel	McDonnel Douglas MD82	M82_MD82	MD82	JET	TURBOFAN	FIXED_WING	MD80_FAMILY	C
248	McDonnel	McDonnel Douglas MD83	M83_MD83	MD83	JET	TURBOFAN	FIXED_WING	MD80_FAMILY	C
249	McDonnel	McDonnel Douglas MD87	M87_MD87	MD87	JET	TURBOFAN	FIXED_WING	MD80_FAMILY	C
250	McDonnel	McDonnel Douglas MD88	M88_MD88	MD88	JET	TURBOFAN	FIXED_WING	MD80_FAMILY	C
253	Mitsubishi	Mitsubishi Marquise all models	MU2_MU2	MU2	PISTON	PISTON	FIXED_WING	LIGHT_PISTON_FAMILY	A
242	Mooney	Mooney Bravo - M20R Ovation	M20_M20T	M20T	PISTON	PISTON	FIXED_WING	LIGHT_PISTON_FAMILY	A
252	Mosquito	Mosquito De Havilland	MOS_MOSQ	MOSQ	PISTON	PISTON	FIXED_WING	LIGHT_PISTON_FAMILY	A
260	Mustang	Mustang P51D Civilian	P51_PM51	PM51	PISTON	PISTON	FIXED_WING	CESSNA_CITATION_FAMILY	A
301	NAMC	NAMC YS-11	YS1_YS11	YS11	JET	TURBOFAN	FIXED_WING	YS11_FAMILY	C
261	PAC	PAC P-750XSTOL - PAC 750XL	P75_P750	P750	PISTON	PISTON	FIXED_WING	LIGHT_PISTON_FAMILY	A
258	Piaggio	Piaggio P-180 Avanti	P18_P180	P180	TURBOPROP	TURBOPROP	FIXED_WING	PIAGGIO_P180_FAMILY	B
257	Piaggio	Piaggio P.149	P14_P149	P149	PISTON	PISTON	FIXED_WING	LIGHT_PISTON_FAMILY	A
256	PILATUS	PILATUS PC-12 Eagle	P12_PC12	PC12	PISTON	PISTON	FIXED_WING	PILATUS_PC12_FAMILY	A
259	Pilatus	Pilatus PC-24	P24_PC24	PC24	TURBOPROP	TURBOPROP	FIXED_WING	PILATUS_PC24_FAMILY	B
272	Pilatus	Pilatus PC-6 Turbo Porter	PL6_PC6T	PC6T	TURBOPROP	TURBOPROP	FIXED_WING	PILATUS_PC6_FAMILY	B
2	Pilatus Aircraft	PC-12 NGX	PC12_NGX	PC12	TURBOPROP	TURBOPROP	Pilatus PC-12	PILATUS_PC12_FAMILY	TURBOPROP_LIGHT
263	Piper	Piper light aircraft - single piston engine	PA1_PA1	PA1	PISTON	PISTON	FIXED_WING	LIGHT_PISTON_FAMILY	A
264	Piper	Piper light aircraft - twin piston engines	PA2_PA2	PA2	PISTON	PISTON	FIXED_WING	LIGHT_PISTON_FAMILY	A
269	Piper	Piper Malibu Mirage	PAG_P46T	P46T	PISTON	PISTON	FIXED_WING	LIGHT_PISTON_FAMILY	A
267	Piper	Piper PA-24 Comanche	PA5_P124	P124	PISTON	PISTON	FIXED_WING	LIGHT_PISTON_FAMILY	A
266	Piper	Piper PA-44 Seminole	PA4_PA44	PA44	PISTON	PISTON	FIXED_WING	LIGHT_PISTON_FAMILY	A
268	Piper	Piper PA28R ARROW III	PA8_PA28	PA28	PISTON	PISTON	FIXED_WING	LIGHT_PISTON_FAMILY	A
265	Piper	Piper PA34 Seneca	PA3_PA34	PA34	PISTON	PISTON	FIXED_WING	LIGHT_PISTON_FAMILY	A
270	Piper cheyenne I	Piper cheyenne I / Piper cheyenne II	PAT_PAY	PAY	PISTON	PISTON	FIXED_WING	LIGHT_PISTON_FAMILY	A
271	Pipistrel	Pipistrel Virus SW 121	PIV_PIVI	PIVI	PISTON	PISTON	FIXED_WING	LIGHT_PISTON_FAMILY	A
169	Robin	Robin DR-300	D30_DR30	DR30	PISTON	PISTON	FIXED_WING	LIGHT_PISTON_FAMILY	A
171	Robin DR400	Robin DR400/100 Cadet - CAP 10	D40_DR40	DR40	PISTON	PISTON	FIXED_WING	LIGHT_PISTON_FAMILY	A
274	Robinson	Robinson R-22 (helicopter)	R22_R22	R22	TURBOSHAFT	TURBOSHAFT	HELICOPTER	ROBINSON_R22_FAMILY	A
126	Rutan	Rutan Boomerang M202	BO2_BOOM	BOOM	PISTON	PISTON	FIXED_WING	LIGHT_PISTON_FAMILY	A
6	Saab	340B	SAAB_340B	SF34	TURBOPROP	TURBOPROP	Saab 340	SAAB_340_FAMILY	TURBOPROP_REGIONAL
277	Saab	Saab 2000	S20_SB20	SB20	TURBOPROP	TURBOPROP	FIXED_WING	SAAB_2000_FAMILY	B
281	Saab SF340A	Saab SF340A/B	SF3_SF34	SF34	TURBOPROP	TURBOPROP	FIXED_WING	SAAB_340_FAMILY	B
280	Schweizer	Schweizer 2-32	SCH_SCH2	SCH2	PISTON	PISTON	FIXED_WING	LIGHT_PISTON_FAMILY	A
276	SIAI-MARCHETTI	SIAI-MARCHETTI S-205	S05_S05R	S05R	PISTON	PISTON	FIXED_WING	LIGHT_PISTON_FAMILY	A
212	SIAI-Marchetti	SIAI-Marchetti SF-260	F26_F260	F260	PISTON	PISTON	FIXED_WING	LIGHT_PISTON_FAMILY	A
289	Socata	Socata TB21GT Trinidad	TB2_TB21	TB21	PISTON	PISTON	FIXED_WING	LIGHT_PISTON_FAMILY	A
290	Socata	Socata TBM 700	TB7_TBM7	TBM7	PISTON	PISTON	FIXED_WING	TBM_FAMILY	A
291	SOCATA	SOCATA TBM-850 Turboprop	TB8_TBM8	TBM8	TURBOPROP	TURBOPROP	FIXED_WING	TBM_FAMILY	B
284	Sting	Sting S4 Ultralight	SS4_SS4	SS4	PISTON	PISTON	FIXED_WING	LIGHT_PISTON_FAMILY	A
282	TECNAM	TECNAM P-2002 Sierra	SIR_SIRA	SIRA	PISTON	PISTON	FIXED_WING	LIGHT_PISTON_FAMILY	A
128	TECNAM	TECNAM P-2004 Bravo	BRA_BRAV	BRAV	PISTON	PISTON	FIXED_WING	LIGHT_PISTON_FAMILY	A
255	Tecnam	Tecnam P2006	P06_P06T	P06T	PISTON	PISTON	FIXED_WING	LIGHT_PISTON_FAMILY	A
262	Tecnam	Tecnam P92	P92_P92	P92	PISTON	PISTON	FIXED_WING	LIGHT_PISTON_FAMILY	A
3	Textron Aviation / Beechcraft	King Air 360	B350_KING_AIR_360	BE30	TURBOPROP	TURBOPROP	Beechcraft King Air	KING_AIR_FAMILY	TURBOPROP_LIGHT
1	Textron Aviation / Cessna	208B Grand Caravan EX	C208B_GRAND_CARAVAN_EX	C208	TURBOPROP	TURBOPROP	Cessna Caravan	CESSNA_CARAVAN_FAMILY	TURBOPROP_LIGHT
287	Tupolev	Tupolev TU-114 Rossiya	T11_T114	T114	JET	TURBOFAN	FIXED_WING	TU114_FAMILY	D
294	Tupolev	Tupolev TU154	TU5_T154	T154	JET	TURBOFAN	FIXED_WING	TU154_FAMILY	C
288	Tupolev Tu-204	Tupolev Tu-204 / Tu-214	T20_T204	T204	JET	TURBOFAN	FIXED_WING	TU204_FAMILY	D
275	Van s RV-14	Van s RV-14/14A	RV1_RV14	RV14	PISTON	PISTON	FIXED_WING	LIGHT_PISTON_FAMILY	A
295	Vickers	Vickers Viscount	VCV_VISC	VISC	JET	TURBOFAN	FIXED_WING	VICKERS_VISCOUNT_FAMILY	C
142	Viking	Viking Air 415 (Canadair CL-415)	CL2_CL2T	CL2T	TURBOPROP	TURBOPROP	FIXED_WING	KING_AIR_FAMILY	B
298	Vought	Vought Corsair F4U	WF4_WF4U	WF4U	PISTON	PISTON	FIXED_WING	LIGHT_PISTON_FAMILY	A
297	Waco	Waco (Vintage 1929)	WAC_WACO	WACO	PISTON	PISTON	FIXED_WING	LIGHT_PISTON_FAMILY	A
299	XtremeAir	XtremeAir XA-42 Sbach 342	XA4_XA42	XA42	PISTON	PISTON	FIXED_WING	LIGHT_PISTON_FAMILY	A
300	Yakovlev	Yakovlev Yak 40	YK4_YK40	YK40	JET	TURBOFAN	FIXED_WING	YAK40_FAMILY	C
141	Zenith	Zenith STOL CH801	CH8_CH80	CH80	PISTON	PISTON	FIXED_WING	LIGHT_PISTON_FAMILY	A
279	Zlin Aviation Savage CUB	Zlin Aviation Savage CUB / Shock Ultra	SAV_SAVG	SAVG	PISTON	PISTON	FIXED_WING	LIGHT_PISTON_FAMILY	A
